t,angle,iteration,phase angle
0.001,91,1,171.97219
0.00229,91,2,173.08071
0.01496,91,3,183.9683
0.02334,91,4,191.1694
0.03555,91,5,201.6617
0.04335,91,6,208.36439
0.05558,91,7,218.87388
0.06367,85,8,225.82578
0.07564,80,9,236.11184
0.08362,74,10,242.96921
0.09658,68,11,254.106
0.10479,62,12,261.16101
0.11676,56,13,271.44707
0.12474,51,14,278.30445
0.13778,45,15,289.50998
0.14595,39,16,296.53062
0.15826,34,17,307.10885
0.16663,28,18,314.30136
0.17842,22,19,324.43275
0.18701,16,20,331.8143
0.1992,11,21,342.28941
0.20756,5,22,349.47333
0.21981,0,23,360.0
0.228,1,24,367.03783
0.24033,5,25,377.63325
0.24874,10,26,384.86013
0.26069,16,27,395.129
0.26871,22,28,402.02075
0.28124,27,29,412.78803
0.28944,33,30,419.83445
0.30177,38,31,430.42987
0.30993,44,32,437.44192
0.32224,49,33,448.02015
0.33055,55,34,455.1611
0.34272,61,35,465.61902
0.3547,66,36,475.91367
0.36318,72,37,483.20071
0.37521,77,38,493.53833
0.38353,83,39,500.68787
0.39587,89,40,511.29188
0.40361,90,41,517.94302
0.4156,91,42,528.24626
0.42455,91,43,535.93718
0.43641,91,44,546.12871
0.4452,91,45,553.68213
0.45733,91,46,564.10569
0.46519,91,47,570.85994
0.47784,91,48,581.73034
0.48599,85,49,588.7338
0.4983,78,50,599.31203
0.50667,73,51,606.50454
0.51875,67,52,616.88512
0.52694,61,53,623.92295
0.53856,55,54,633.90825
0.54654,50,55,640.76562
0.55947,44,56,651.87663
0.56747,38,57,658.75119
0.57944,32,58,669.03725
0.58743,27,59,675.90322
0.60036,21,60,687.01423
0.60834,15,61,693.8716
0.62034,9,62,704.18344
0.62831,4,63,711.03222
0.64128,1,64,722.1776
0.64926,1,65,729.03497
0.66123,6,66,739.32103
0.67017,12,67,747.00336
0.68214,18,68,757.28942
0.69015,23,69,764.17257
0.70212,29,70,774.45863
0.71106,34,71,782.14095
0.72306,40,72,792.45279
0.73104,45,73,799.31016
0.74301,51,74,809.59622
0.75195,56,75,817.27854
0.76395,62,76,827.59038
0.77193,68,77,834.44776
0.78387,73,78,844.70804
0.79293,79,79,852.49348
0.80581,84,80,863.56152
0.81283,90,81,869.59395
0.82534,91,82,880.34404
0.83433,91,83,888.06933
0.8466,91,84,898.61318
0.85462,91,85,905.50493
0.86708,91,86,916.21206
0.87507,91,87,923.07802
0.8874,91,88,933.67344
0.89556,89,89,940.68549
0.90755,83,90,950.98874
0.91607,77,91,958.31014
0.92839,71,92,968.89697
0.93625,66,93,975.65122
0.94901,60,94,986.61614
0.96114,54,95,997.0397
0.96895,48,96,1003.75098
0.98158,43,97,1014.6042
0.9899,37,98,1021.75374
1.00101,31,99,1031.30078
1.00999,25,100,1039.01748
1.02195,20,101,1049.29494
1.03034,14,102,1056.50464
1.04329,8,103,1067.63283
1.05133,2,104,1074.54177
1.06352,1,105,1085.01688
1.07175,3,106,1092.08908
1.08399,8,107,1102.60716
1.09184,14,108,1109.35282
1.10399,19,109,1119.79356
1.11267,25,110,1127.25246
1.12494,30,111,1137.79631
1.13293,36,112,1144.66228
1.14545,41,113,1155.42096
1.15367,47,114,1162.48458
1.16598,52,115,1173.0628
1.17416,58,116,1180.09204
1.18609,64,117,1190.34373
1.19453,69,118,1197.59639
1.20686,75,119,1208.19181
1.21478,80,120,1214.99762
1.22666,86,121,1225.20634
1.23556,91,122,1232.85429
1.24716,91,123,1242.8224
1.2551,91,124,1249.6454
1.2682,91,125,1260.90249
1.27628,91,126,1267.8458
1.2888,91,127,1278.60449
1.29697,91,128,1285.62513
1.30912,91,129,1296.06587
1.31746,86,130,1303.2326
1.32982,81,131,1313.85379
1.33791,75,132,1320.80569
1.35028,70,133,1331.43548
1.35861,64,134,1338.59362
1.37065,58,135,1348.93983
1.37898,52,136,1356.09796
1.39116,47,137,1366.56448
1.39931,41,138,1373.56794
1.41163,35,139,1384.15476
1.41967,30,140,1391.0637
1.43203,24,141,1401.68489
1.44031,18,142,1408.80006
1.45267,12,143,1419.42126
1.46073,6,144,1426.34737
1.47284,1,145,1436.75374
1.48124,0,146,1443.97203
1.49356,3,147,1454.55885
1.50172,9,148,1461.5709
1.51406,14,149,1472.17491
1.52235,19,150,1479.29867
1.53412,25,151,1489.41287
1.54262,30,152,1496.71709
1.55499,36,153,1507.34688
1.56318,41,154,1514.38471
1.57546,47,155,1524.93716
1.58367,53,156,1531.99218
1.59584,58,157,1542.4501
1.60424,64,158,1549.66839
1.61622,69,159,1559.96304
1.62884,75,160,1570.80766
1.63701,81,161,1577.8283
1.64923,86,162,1588.32919
1.65694,91,163,1594.95455
1.66967,91,164,1605.8937
1.67806,91,165,1613.10339
1.6902,91,166,1623.53553
1.6983,91,167,1630.49603
1.71037,91,168,1640.86802
1.71797,91,169,1647.39885
1.73113,91,170,1658.7075
1.73934,86,171,1665.76252
1.75123,80,172,1675.97983
1.75982,75,173,1683.36139
1.77207,69,174,1693.88806
1.78028,63,175,1700.94308
1.79253,57,176,1711.46975
1.80079,52,177,1718.56773
1.81304,46,178,1729.0944
1.82095,40,179,1735.89162
1.83375,34,180,1746.89092
1.84149,29,181,1753.54206
1.85362,23,182,1763.96561
1.86183,17,183,1771.02063
1.87439,11,184,1781.81369
1.8827,5,185,1788.95463
1.89495,0,186,1799.4813
1.9027,0,187,1806.14103
1.91572,5,188,1817.32938
1.92374,10,189,1824.22113
1.93539,16,190,1834.23221
1.94401,21,191,1841.63954
1.95638,27,192,1852.26933
1.96434,33,193,1859.10952
1.97661,38,194,1869.65338
1.98469,44,195,1876.59668
1.99639,49,196,1886.65073
2.00535,55,197,1894.35023
2.01781,60,198,1905.05736
2.02552,66,199,1911.68272
2.03839,71,200,1922.74217
2.04609,77,201,1929.35893
2.0587,83,202,1940.19495
2.06673,88,203,1947.09529
2.07925,90,204,1957.85398
2.08747,91,205,1964.91759
2.09981,91,206,1975.5216
2.10788,91,207,1982.45631
2.12007,91,208,1992.93142
2.12843,91,209,2000.11534
2.14039,91,210,2010.39281
2.14896,91,211,2017.75718
2.16122,86,212,2028.29244
2.16906,80,213,2035.02951
2.18173,75,214,2045.91709
2.19012,69,215,2053.12679
2.20216,63,216,2063.473
2.21447,57,217,2074.05123
2.22223,51,218,2080.71955
2.23495,46,219,2091.6501
2.2434,40,220,2098.91136
2.25544,34,221,2109.25757
2.26364,28,222,2116.304
2.27591,23,223,2126.84785
2.28432,17,224,2134.07473
2.29633,11,225,2144.39517
2.30455,5,226,2151.45878
2.31605,0,227,2161.34096
2.32445,0,228,2168.55924
2.33733,5,229,2179.62729
2.34544,11,230,2186.59637
2.35677,16,231,2196.33247
2.3653,22,232,2203.66247
2.37738,28,233,2214.04305
2.38645,33,234,2221.83708
2.39864,39,235,2232.3122
2.40675,44,236,2239.28128
2.41933,50,237,2250.09153
2.42749,55,238,2257.10358
2.43933,61,239,2267.27793
2.44793,67,240,2274.66808
2.45983,72,241,2284.89399
2.46842,78,242,2292.27555
2.48076,83,243,2302.87955
2.48848,89,244,2309.5135
2.50055,91,245,2319.8855
2.50935,91,246,2327.44751
2.52162,91,247,2337.99137
2.52983,91,248,2345.04639
2.54217,91,249,2355.6504
2.55009,91,250,2362.45621
2.5624,91,251,2373.03444
2.57082,91,252,2380.26991
2.58268,85,253,2390.46145
2.59125,79,254,2397.82582
2.60343,73,255,2408.29234
2.61184,68,256,2415.51922
2.62383,62,257,2425.82247
2.63183,56,258,2432.69703
2.6446,50,259,2443.67054
2.65234,45,260,2450.32168
2.66432,39,261,2460.61633
2.67333,33,262,2468.35881
2.68559,27,263,2478.89407
2.69365,22,264,2485.82019
2.70575,16,265,2496.21796
2.71418,10,266,2503.46203
2.72615,4,267,2513.74809
2.73413,0,268,2520.60546
2.74695,1,269,2531.62194
2.75482,5,270,2538.38479
2.76695,10,271,2548.80834
2.77493,16,272,2555.66572
2.78788,21,273,2566.79391
2.79559,27,274,2573.41927
2.80749,33,275,2583.64518
2.81543,38,276,2590.46818
2.82889,44,277,2602.03463
2.83707,49,278,2609.06386
2.84928,55,279,2619.55616
2.86161,60,280,2630.15158
2.86978,66,281,2637.17222
2.88197,71,282,2647.64733
2.88967,77,283,2654.2641
2.90258,83,284,2665.35792
2.91067,88,285,2672.30982
2.92264,90,286,2682.59588
2.93122,91,287,2689.96884
2.94409,91,288,2701.02829
2.95171,91,289,2707.57631
2.96402,91,290,2718.15454
2.97218,91,291,2725.16659
2.98423,91,292,2735.52139
2.99248,90,293,2742.61078
3.00492,85,294,2753.30073
3.01314,78,295,2760.36434
3.02543,73,296,2770.92538
3.03326,67,297,2777.65385
3.04594,61,298,2788.55003
3.05438,55,299,2795.80269
3.06637,50,300,2806.10594
3.07461,44,301,2813.18674
3.08686,38,302,2823.71341
3.09469,32,303,2830.44188
3.10742,27,304,2841.38103
3.11559,21,305,2848.40167
3.12775,15,306,2858.851
3.13597,9,307,2865.91461
3.14819,4,308,2876.4155
3.15663,1,309,2883.66816
3.16879,0,310,2894.11749
3.17692,5,311,2901.10377
3.18903,11,312,2911.51013
3.19734,16,313,2918.65108
3.20974,22,314,2929.30665
3.21792,28,315,2936.33589
3.22943,33,316,2946.22666
3.23843,39,317,2953.96054
3.25062,44,318,2964.43565
3.25881,50,319,2971.47348
3.27098,55,320,2981.9314
3.27931,61,321,2989.08954
3.29157,67,322,2999.6248
3.29979,72,323,3006.68841
3.31208,78,324,3017.24946
3.3203,83,325,3024.31307
3.33261,89,326,3034.8913
3.34056,91,327,3041.72289
3.35303,91,328,3052.43861
3.36109,91,329,3059.36473
3.37358,91,330,3070.09764
3.38168,91,331,3077.05813
3.39403,91,332,3087.67073
3.40221,91,333,3094.69997
3.41407,91,334,3104.8915
3.42271,85,335,3112.31603
3.43454,79,336,3122.48178
3.44252,73,337,3129.33916
3.45555,67,338,3140.5361
3.46783,61,339,3151.08855
3.47593,56,340,3158.04904
3.48788,50,341,3168.31791
3.49643,44,342,3175.6651
3.50884,39,343,3186.32926
3.51692,33,344,3193.27257
3.52921,27,345,3203.83361
3.53728,21,346,3210.76832
3.54927,16,347,3221.07157
3.55786,10,348,3228.45313
3.56976,4,349,3238.67903
3.57835,0,350,3246.06059
3.59001,1,351,3256.08026
3.59804,5,352,3262.9806
3.61127,11,353,3274.34941
3.61834,17,354,3280.4248
3.63127,22,355,3291.53581
3.63953,28,356,3298.63379
3.65203,33,357,3309.37529
3.66035,39,358,3316.52483
3.6727,45,359,3327.13743
3.68037,50,360,3333.72842
3.69234,56,361,3344.01448
3.70082,61,362,3351.30151
3.71365,67,363,3362.32659
3.72063,73,364,3368.32464
3.73397,78,365,3379.78797
3.74172,84,366,3386.4477
3.75451,89,367,3397.4384
3.76268,91,368,3404.45905
3.77459,91,369,3414.69355
3.78292,91,370,3421.85169
3.79558,91,371,3432.73068
3.80359,91,372,3439.61383
3.81554,91,373,3449.8827
3.82377,91,374,3456.95491
3.83603,90,375,3467.49017
3.84431,84,376,3474.60534
3.85669,78,377,3485.24372
3.86486,72,378,3492.26437
3.87736,66,379,3503.00587
3.88514,60,380,3509.69138
3.8981,55,381,3520.82816
3.90544,49,382,3527.13557
3.91837,43,383,3538.24658
3.92676,38,384,3545.45627
3.93882,32,385,3555.81967
3.94697,26,386,3562.82313
3.95913,20,387,3573.27246
3.96749,14,388,3580.45638
3.97969,9,389,3590.94008
3.98793,3,390,3598.02088
4.00018,1,391,3608.54755
4.00836,1,392,3615.57679
4.0205,7,393,3626.00893
4.02893,13,394,3633.253
4.0406,19,395,3643.28126
4.04936,24,396,3650.80891
4.06164,30,397,3661.36136
4.06979,35,398,3668.36481
4.08193,41,399,3678.79696
4.09037,46,400,3686.04962
4.10219,52,401,3696.20678
4.11488,57,402,3707.11155
4.1222,63,403,3713.40177
4.13481,69,404,3724.2378
4.14351,74,405,3731.71388
4.15595,80,406,3742.40382
4.16401,85,407,3749.32994
4.17594,91,408,3759.58163
4.18438,91,409,3766.83429
4.19679,91,410,3777.49845
4.20434,91,411,3783.98632
4.21701,91,412,3794.8739
4.225,91,413,3801.73987
4.23779,91,414,3812.73057
4.24586,91,415,3819.66529
4.25825,88,416,3830.31226
4.26643,82,417,3837.3415
4.27864,76,418,3847.8338
4.28688,71,419,3854.91459
4.29922,65,420,3865.5186
4.30687,60,421,3872.0924
4.31964,54,422,3883.06592
4.3275,48,423,3889.82017
4.3397,42,424,3900.30387
4.34828,37,425,3907.67684
4.36062,31,426,3918.28085
4.36835,25,427,3924.92339
4.38073,19,428,3935.56177
4.38939,13,429,3943.00349
4.40162,8,430,3953.51297
4.40978,2,431,3960.52502
4.42195,1,432,3970.98294
4.42997,5,433,3977.87469
4.44214,10,434,3988.33262
4.45021,15,435,3995.26733
4.46302,20,436,4006.27522
4.47119,26,437,4013.29586
4.4835,32,438,4023.87409
4.49188,37,439,4031.07519
4.5036,43,440,4041.14642
4.51157,48,441,4047.9952
4.52405,54,442,4058.71952
4.53266,59,443,4066.11826
4.54508,65,444,4076.79102
4.55314,70,445,4083.71714
4.56537,76,446,4094.22662
4.57353,82,447,4101.23867
4.58589,87,448,4111.85987
4.59328,90,449,4118.21024
4.60604,91,450,4129.17516
4.61466,91,451,4136.5825
4.62638,91,452,4146.65373
4.63436,91,453,4153.51111
4.64738,91,454,4164.69945
4.65553,91,455,4171.70291
4.66794,91,456,4182.36707
4.67603,86,457,4189.31897
4.68822,81,458,4199.79408
4.69935,75,459,4209.35831
4.70872,69,460,4217.41014
4.72044,63,461,4227.48137
4.72932,58,462,4235.11213
4.7409,52,463,4245.06306
4.74937,46,464,4252.3415
4.76169,40,465,4262.92832
4.76967,34,466,4269.7857
4.78164,29,467,4280.07176
4.79068,23,468,4287.84001
4.80307,17,469,4298.48698
4.81124,11,470,4305.50763
4.82347,6,471,4316.01711
4.83115,0,472,4322.61669
4.84397,0,473,4333.63317
4.85241,5,474,4340.88583
4.86448,10,475,4351.25782
4.87261,15,476,4358.2441
4.8848,21,477,4368.71921
4.89314,27,478,4375.88594
4.90538,32,479,4386.40401
4.91363,38,480,4393.4934
4.92503,43,481,4403.28965
4.93398,49,482,4410.98056
4.94633,54,483,4421.59317
4.95452,60,484,4428.631
4.96689,66,485,4439.26079
4.97504,71,486,4446.26424
4.98735,77,487,4456.84247
4.99497,82,488,4463.39049
5.00778,88,489,4474.39838
5.01601,90,490,4481.47058
5.02828,91,491,4492.01444
5.03648,91,492,4499.06086
5.04854,91,493,4509.42426
5.05699,91,494,4516.68552
5.06927,91,495,4527.23797
5.07746,91,496,4534.2758
5.0887,91,497,4543.93455
5.09787,85,498,4551.81452
5.11018,79,499,4562.39275
5.11832,74,500,4569.38761
5.13032,68,501,4579.69945
5.1388,62,502,4586.98649
5.15109,56,503,4597.54753
5.15928,51,504,4604.58536
5.17161,45,505,4615.18078
5.17979,39,506,4622.21001
5.1918,33,507,4632.53045
5.20022,27,508,4639.76592
5.21245,22,509,4650.2754
5.22071,16,510,4657.37339
5.23305,10,511,4667.9774
5.24122,4,512,4674.99804
5.2533,0,513,4685.37863
5.26163,1,514,4692.53676
5.27403,5,515,4703.19233
5.28219,10,516,4710.20438
5.29438,15,517,4720.67949
5.30234,20,518,4727.51968
5.31496,26,519,4738.3643
5.32315,32,520,4745.40213
5.3355,37,521,4756.01473
5.3477,43,522,4766.49843
5.35587,48,523,4773.51908
5.36805,54,524,4783.9856
5.37543,59,525,4790.32738
5.38872,65,526,4801.74774
5.3969,71,527,4808.77698
5.40916,76,528,4819.31224
5.41724,82,529,4826.25555
5.42934,87,530,4836.65332
5.43781,90,531,4843.93176
5.45007,91,532,4854.46702
5.45837,91,533,4861.59938
5.47056,91,534,4872.07449
5.4787,91,535,4879.06935
5.49108,91,536,4889.70774
5.49924,91,537,4896.71979
5.51154,91,538,4907.28942
5.51979,86,539,4914.37881
5.53204,81,540,4924.90548
5.54008,75,541,4931.81442
5.5526,69,542,4942.5731
5.56072,63,543,4949.55078
5.57288,57,544,4960.00011
5.58114,52,545,4967.0981
5.59342,46,546,4977.65055
5.60185,40,547,4984.89461
5.6139,34,548,4995.24942
5.62146,29,549,5001.74588
5.63442,23,550,5012.88267
5.64241,17,551,5019.74863
5.65437,11,552,5030.0261
5.66315,6,553,5037.57093
5.67545,0,554,5048.14056
5.68297,0,555,5054.60265
5.69587,4,556,5065.68788
5.704,9,557,5072.67415
5.71609,14,558,5083.06333
5.72407,20,559,5089.9207
5.73683,25,560,5100.88563
5.74492,31,561,5107.83753
5.75701,36,562,5118.2267
5.7654,42,563,5125.4364
5.77777,48,564,5136.06619
5.78596,53,565,5143.10402
5.79785,59,566,5153.32133
5.80645,64,567,5160.71148
5.81869,70,568,5171.22956
5.8269,76,569,5178.28458
5.8391,81,570,5188.76828
5.84745,87,571,5195.9436
5.85972,91,572,5206.48746
5.86754,91,573,5213.20734
5.88033,91,574,5224.19805
5.88841,91,575,5231.14135
5.90062,91,576,5241.63365
5.90859,91,577,5248.48243
5.92135,91,578,5259.44735
5.92939,91,579,5266.35629
5.94163,86,580,5276.87436
5.95355,81,581,5287.11746
5.96214,75,582,5294.49902
5.97389,69,583,5304.59603
5.98256,63,584,5312.04633
5.99479,58,585,5322.55581
6.00311,52,586,5329.70536
6.01535,46,587,5340.22343
6.02307,40,588,5346.85738
6.0359,34,589,5357.88246
6.04428,29,590,5365.08356
6.05577,23,591,5374.95715
6.06447,17,592,5382.43323
6.0764,11,593,5392.68492
6.08495,6,594,5400.0321
6.09715,0,595,5410.51581
6.10545,0,596,5417.64816
6.11765,5,597,5428.13187
6.12593,10,598,5435.24704
6.13802,16,599,5445.63622
6.1464,22,600,5452.83732
6.15868,27,601,5463.38977
6.16684,33,602,5470.40182
6.17915,38,603,5480.98005
6.18753,44,604,5488.18115
6.19965,49,605,5498.59611
6.20781,55,606,5505.60816
6.21988,61,607,5515.98015
6.22816,66,608,5523.09532
6.24056,72,609,5533.75089
6.24841,77,610,5540.49655
6.26023,83,611,5550.65371
6.2691,89,612,5558.27588
6.28166,90,613,5569.06894
6.28978,91,614,5576.04662
6.302,91,615,5586.54751
6.31018,91,616,5593.57675
6.3225,91,617,5604.16357
6.3309,91,618,5611.38186
6.34295,91,619,5621.73666
6.35121,89,620,5628.83465
6.36348,83,621,5639.3785
6.3716,77,622,5646.35618
6.38395,71,623,5656.96878
6.39214,66,624,5664.00662
6.40444,60,625,5674.57625
6.41263,54,626,5681.61408
6.42479,48,627,5692.06341
6.43271,43,628,5698.86923
6.44539,37,629,5709.76541
6.45358,31,630,5716.80324
6.46571,25,631,5727.22679
6.4737,19,632,5734.09275
6.4857,14,633,5744.40459
6.49451,8,634,5751.9752
6.50693,2,635,5762.64796
6.5151,1,636,5769.6686
6.52714,3,637,5780.01482
6.5355,8,638,5787.19873
6.54778,14,639,5797.75118
6.55605,19,640,5804.85776
6.5683,25,641,5815.38443
6.58054,30,642,5825.9025
6.58836,36,643,5832.62239
6.6011,41,644,5843.57012
6.60883,47,645,5850.21267
6.62144,52,646,5861.04869
6.6293,58,647,5867.80295
6.64095,64,648,5877.81402
6.64989,69,649,5885.49635
6.66231,75,650,5896.1691
6.67064,80,651,5903.32724
6.6831,86,652,5914.03436
6.6912,91,653,5920.99485
6.70343,91,654,5931.50434
6.71181,91,655,5938.70544
6.72348,91,656,5948.7337
6.73202,91,657,5956.0723
6.74439,91,658,5966.70209
6.7522,91,659,5973.41337
6.76429,91,660,5983.80255
6.77305,87,661,5991.3302
6.78533,81,662,6001.88265
6.79361,76,663,6008.99782
6.80585,70,664,6019.51589
6.81403,64,665,6026.54513
6.82628,59,666,6037.0718
6.83448,53,667,6044.11822
6.8468,47,668,6054.70505
6.85474,41,669,6061.52805
6.86722,35,670,6072.25236
6.87544,30,671,6079.31597
6.88776,24,672,6089.90279
6.89552,18,673,6096.57112
6.90837,12,674,6107.61338
6.91642,7,675,6114.53091
6.92866,1,676,6125.04898
6.93605,0,677,6131.39936
6.94918,3,678,6142.68223
6.95737,9,679,6149.72006
6.96964,14,680,6160.26392
6.97779,19,681,6167.26737
6.99012,25,682,6177.86279
6.99852,30,683,6185.08108
7.01063,36,684,6195.48744
7.01881,41,685,6202.51668
7.03106,47,686,6213.04335
7.0393,53,687,6220.12415
7.05155,58,688,6230.65082
7.05996,64,689,6237.8777
7.07206,70,690,6248.27547
7.08011,75,691,6255.193
7.09226,81,692,6265.63373
7.10071,86,693,6272.89499
7.11296,91,694,6283.42166
7.12121,91,695,6290.51105
7.13345,91,696,6301.02912
7.14165,91,697,6308.07555
7.15371,91,698,6318.43895
7.16218,91,699,6325.71739
7.17442,91,700,6336.23547
7.18656,91,701,6346.66761
7.19466,86,702,6353.6281
7.20712,81,703,6364.33523
7.21535,75,704,6371.40743
7.22767,70,705,6381.99426
7.23575,64,706,6388.93756
7.24808,58,707,6399.53298
7.2563,52,708,6406.59659
7.26864,47,709,6417.2006
7.27689,41,710,6424.28999
7.28902,35,711,6434.71354
7.29742,29,712,6441.93183
7.30959,24,713,6452.38975
7.3178,18,714,6459.44477
7.32981,12,715,6469.7652
7.33824,6,716,6477.00927
7.3505,1,717,6487.54453
7.35875,0,718,6494.63392
7.37094,4,719,6505.10903
7.37921,9,720,6512.21561
7.39117,14,721,6522.49308
7.39974,20,722,6529.85745
7.41201,25,723,6540.4013
7.42016,31,724,6547.40476
7.43218,36,725,6557.73379
7.44066,42,726,6565.02082
7.45292,48,727,6575.55609
7.46116,53,728,6582.63688
7.4734,59,729,6593.15496
7.48143,64,730,6600.0553
7.49388,70,731,6610.75383
7.50205,76,732,6617.77448
7.5144,81,733,6628.38708
7.5226,87,734,6635.4335
7.53486,91,735,6645.96877
7.54302,91,736,6652.98082
7.55527,91,737,6663.50749
7.56353,91,738,6670.60547
7.57526,91,739,6680.68529
7.58358,91,740,6687.83484
7.59658,91,741,6699.006
7.6045,91,742,6705.81181
7.61675,85,743,6716.33848
7.62461,80,744,6723.09274
7.63726,74,745,6733.96313
7.64547,68,746,6741.01815
7.65754,62,747,6751.39014
7.66552,56,748,6758.24752
7.67826,51,749,6769.19525
7.68635,45,750,6776.14715
7.6988,39,751,6786.84569
7.70721,33,752,6794.07257
7.71852,28,753,6803.79148
7.7275,22,754,6811.50817
7.73967,16,755,6821.9661
7.74784,10,756,6828.98674
7.7601,5,757,6839.522
7.76806,0,758,6846.36219
7.78068,1,759,6857.20681
7.78887,5,760,6864.24464
7.80114,10,761,6874.7885
7.80831,16,762,6880.94982
7.82164,22,763,6892.40456
7.83388,27,764,6902.92263
7.84227,33,765,6910.13233
7.8543,38,766,6920.46995
7.86257,44,767,6927.57652
7.87439,49,768,6937.73369
7.88306,55,769,6945.18399
7.89533,61,770,6955.72785
7.9035,66,771,6962.74849
7.91583,72,772,6973.34391
7.92399,77,773,6980.35596
7.93618,83,774,6990.83107
7.94439,89,775,6997.88609
7.95653,90,776,7008.31823
7.96428,91,777,7014.97796
7.97727,91,778,7026.14053
7.98546,91,779,7033.17836
7.99729,91,780,7043.34411
8.00491,91,781,7049.89213
8.01836,91,782,7061.44999
8.02626,91,783,7068.23861
8.03828,85,784,7078.56764
8.04666,78,785,7085.76874
8.05873,73,786,7096.14073
8.06741,67,787,7103.59963
8.07957,61,788,7114.04896
8.08747,55,789,7120.83759
8.10027,50,790,7131.83689
8.10828,44,791,7138.72004
8.12026,38,792,7149.01469
8.12862,32,793,7156.19861
8.14038,27,794,7166.30421
8.14836,21,795,7173.16159
8.16149,15,796,7184.44446
8.16905,9,797,7190.94092
8.18162,4,798,7201.74257
8.1902,1,799,7209.11553
8.20221,0,800,7219.43597
8.21046,5,801,7226.52536
8.22238,11,802,7236.76845
8.23112,16,803,7244.27891
8.24352,22,804,7254.93448
8.25088,27,805,7261.25907
8.26391,33,806,7272.45601
8.27207,39,807,7279.46806
8.28434,44,808,7290.01192
8.29205,50,809,7296.63728
8.30484,55,810,7307.62798
8.31304,61,811,7314.6744
8.32506,67,812,7325.00343
8.33349,72,813,7332.2475
8.34584,78,814,7342.8601
8.35351,83,815,7349.45108
8.36592,89,816,7360.11525
8.37424,90,817,7367.26479
8.38671,91,818,7377.98051
8.39495,91,819,7385.0613
8.40719,91,820,7395.57938
8.41562,91,821,7402.82345
8.42775,91,822,7413.247
8.43989,91,823,7423.67915
8.44782,90,824,7430.49355
8.46039,84,825,7441.29521
8.46877,78,826,7448.49631
8.48098,72,827,7458.9886
8.48892,67,828,7465.81161
8.50155,61,829,7476.66482
8.50972,55,830,7483.68546
8.52181,49,831,7494.07464
8.53016,44,832,7501.24996
8.54244,38,833,7511.80241
8.5502,32,834,7518.47073
8.56262,26,835,7529.14349
8.57065,20,836,7536.04383
8.58345,15,837,7547.04312
8.59164,9,838,7554.08096
8.60382,3,839,7564.54747
8.61207,1,840,7571.63686
8.62408,0,841,7581.9573
8.63258,6,842,7589.26152
8.64466,12,843,7599.6421
8.65299,17,844,7606.80024
8.66521,23,845,7617.30113
8.67319,28,846,7624.1585
8.6852,34,847,7634.47893
8.69398,40,848,7642.02376
8.70621,45,849,7652.53325
8.71429,51,850,7659.47655
8.72624,56,851,7669.74543
8.73455,62,852,7676.88638
8.74696,67,853,7687.55054
8.75553,73,854,7694.91491
8.76673,78,855,7704.53929
8.7756,84,856,7712.16146
8.78807,90,857,7722.87718
8.79641,91,858,7730.04391
8.80863,91,859,7740.5448
8.8162,91,860,7747.04985
8.82914,91,861,7758.16946
8.83722,91,862,7765.11276
8.8496,91,863,7775.75114
8.85774,91,864,7782.74601
8.87001,91,865,7793.28986
8.87834,85,866,7800.448
8.89008,79,867,7810.53642
8.89862,73,868,7817.87501
8.91134,67,869,7828.80556
8.91919,61,870,7835.55122
8.931,55,871,7845.69979
8.93957,50,872,7853.06416
8.95197,44,873,7863.71973
8.96014,38,874,7870.74038
8.9725,32,875,7881.36157
8.98068,27,876,7888.39081
8.99284,21,877,7898.84014
9.00099,15,878,7905.8436
9.01296,9,879,7916.12966
9.02094,4,880,7922.98703
9.03291,1,881,7933.27309
9.04188,4,882,7940.98119
9.05385,9,883,7951.26725
9.06183,14,884,7958.12463
9.0738,20,885,7968.41069
9.08661,25,886,7979.41858
9.09527,31,887,7986.86029
9.10754,36,888,7997.40414
9.11535,42,889,8004.11543
9.12801,48,890,8014.99442
9.13628,53,891,8022.101
9.14844,59,892,8032.55033
9.15674,64,893,8039.68269
9.16913,70,894,8050.32966
9.17737,76,895,8057.41046
9.18928,81,896,8067.64496
9.19774,87,897,8074.91481
9.20979,91,898,8085.26961
9.21823,91,899,8092.52227
9.23058,91,900,8103.13488
9.23857,91,901,8110.00084
9.25103,91,902,8120.70797
9.2589,91,903,8127.47082
9.27172,91,904,8138.4873
9.27971,88,905,8145.35327
9.29192,82,906,8155.84557
9.30003,76,907,8162.81465
9.31243,70,908,8173.47022
9.3205,65,909,8180.40493
9.3322,59,910,8190.45897
9.3406,53,911,8197.67726
9.3534,48,912,8208.67656
9.36162,42,913,8215.74017
9.37345,36,914,8225.90592
9.38136,30,915,8232.70315
9.39407,25,916,8243.6251
9.40199,19,917,8250.43092
9.4147,13,918,8261.35287
9.42297,7,919,8268.45945
9.43513,2,920,8278.90878
9.44373,1,921,8286.29893
9.45577,6,922,8296.64515
9.46385,12,923,8303.58845
9.47622,18,924,8314.21824
9.48447,23,925,8321.30763
9.49642,29,926,8331.57651
9.50443,34,927,8338.45966
9.5164,40,928,8348.74572
9.52482,46,929,8355.98119
9.53683,51,930,8366.30163
9.54587,57,931,8374.06988
9.55784,62,932,8384.35594
9.56645,68,933,8391.75468
9.57861,74,934,8402.20402
9.58689,79,935,8409.31919
9.59916,85,936,8419.86304
9.60723,90,937,8426.79775
9.61974,91,938,8437.54785
9.62807,91,939,8444.70598
9.64015,91,940,8455.08657
9.64836,91,941,8462.14159
9.66062,91,942,8472.67685
9.6723,91,943,8482.71371
9.68028,91,944,8489.57108
9.69349,89,945,8500.9227
9.70155,82,946,8507.84882
9.7135,77,947,8518.11769
9.7216,71,948,8525.07818
9.73428,65,949,8535.97436
9.74251,60,950,8543.04656
9.75445,54,951,8553.30684
9.76307,48,952,8560.71418
9.77516,42,953,8571.10336
9.78345,37,954,8578.22712
9.79574,31,955,8588.78817
9.80383,25,956,8595.74007
9.81594,19,957,8606.14643
9.8244,13,958,8613.41628
9.83626,8,959,8623.60781
9.84439,2,960,8630.59409
9.85715,1,961,8641.55901
9.86527,3,962,8648.53669
9.8776,9,963,8659.1321
9.88578,14,964,8666.16134
9.89805,19,965,8676.7052
9.90614,25,966,8683.6571
9.91886,30,967,8694.58765
9.92686,36,968,8701.46221
9.9391,41,969,8711.98028
9.94734,47,970,8719.06108
9.95959,53,971,8729.58775
9.96797,58,972,8736.78885
9.98011,64,973,8747.221
9.98823,70,974,8754.19867
10.00026,75,975,8764.53629
10.00849,81,976,8771.6085
10.02068,86,977,8782.08361
10.02919,91,978,8789.39642
10.04145,91,979,8799.93168
10.04931,91,980,8806.68594
10.062,91,981,8817.59071
10.06976,91,982,8824.25903
10.08249,91,983,8835.19818
10.09069,91,984,8842.2446
10.10286,91,985,8852.70253
10.11085,85,986,8859.56849
10.12343,80,987,8870.37874
10.13183,74,988,8877.59703
10.14374,69,989,8887.83153
10.15198,63,990,8894.91232
10.16421,57,991,8905.42181
10.17261,51,992,8912.6401
10.18483,46,993,8923.14099
10.19311,40,994,8930.25616
10.20519,34,995,8940.63674
10.2135,28,996,8947.77769
10.2257,23,997,8958.26139
10.23404,17,998,8965.42812
10.24635,11,999,8976.00635
10.25408,5,1000,8982.6489
10.26689,0,1001,8993.65679
10.27436,0,1002,9000.07591
10.2871,5,1003,9011.02364
10.29551,10,1004,9018.25052
10.30732,15,1005,9028.39909
10.31995,21,1006,9039.2523
10.32824,27,1007,9046.37607
10.34023,32,1008,9056.67931
10.34867,38,1009,9063.93198
10.36105,43,1010,9074.57036
10.36803,49,1011,9080.56841
10.38122,55,1012,9091.90284
10.38924,60,1013,9098.79459
10.40193,66,1014,9109.69936
10.41014,71,1015,9116.75438
10.42232,77,1016,9127.22089
10.4305,83,1017,9134.25013
10.44289,88,1018,9144.89711
10.45104,90,1019,9151.90056
10.46266,91,1020,9161.88586
10.47074,91,1021,9168.82917
10.48385,91,1022,9180.09485
10.49192,91,1023,9187.02957
10.50406,91,1024,9197.46171
10.51249,91,1025,9204.70578
10.52472,91,1026,9215.21526
10.53297,85,1027,9222.30465
10.54521,80,1028,9232.82273
10.55315,74,1029,9239.64573
10.56512,68,1030,9249.93179
10.5731,62,1031,9256.78916
10.58507,56,1032,9267.07522
10.59405,51,1033,9274.79192
10.60603,45,1034,9285.08657
10.61402,39,1035,9291.95254
10.62695,33,1036,9303.06354
10.63493,28,1037,9309.92092
10.64694,22,1038,9320.24135
10.65492,16,1039,9327.09873
10.66785,10,1040,9338.20973
10.67583,5,1041,9345.06711
10.68779,0,1042,9355.34457
10.69581,1,1043,9362.23632
10.70874,5,1044,9373.34733
10.71672,11,1045,9380.2047
10.72872,16,1046,9390.51654
10.73666,22,1047,9397.33954
10.74963,27,1048,9408.48492
10.7576,33,1049,9415.3337
10.7696,38,1050,9425.64554
10.77855,44,1051,9433.33646
10.79052,49,1052,9443.62252
10.7985,55,1053,9450.47989
10.8105,61,1054,9460.79173
10.81977,66,1055,9468.75763
10.8338,72,1056,9480.81389
10.84006,77,1057,9486.19323
10.85236,83,1058,9496.76287
10.86054,89,1059,9503.7921
10.87284,90,1060,9514.36174
10.88103,91,1061,9521.39957
10.89343,91,1062,9532.05514
10.90564,91,1063,9542.54744
10.91375,91,1064,9549.51652
10.92618,91,1065,9560.19787
10.93437,91,1066,9567.2357
10.94663,90,1067,9577.77096
10.95481,84,1068,9584.8002
10.9668,78,1069,9595.10345
10.97533,72,1070,9602.43345
10.98758,67,1071,9612.96012
10.99574,61,1072,9619.97217
11.00802,55,1073,9630.52462
11.01634,49,1074,9637.67416
11.02854,44,1075,9648.15786
11.03673,38,1076,9655.19569
11.04887,32,1077,9665.62784
11.0573,26,1078,9672.87191
11.06954,20,1079,9683.38998
11.0777,15,1080,9690.40203
11.08974,9,1081,9700.74825
11.09819,3,1082,9708.0095
11.11055,1,1083,9718.6307
11.11832,1,1084,9725.30761
11.13106,7,1085,9736.25535
11.13924,13,1086,9743.28459
11.15151,18,1087,9753.82844
11.15967,24,1088,9760.8405
11.17145,29,1089,9770.96328
11.18014,35,1090,9778.43078
11.1924,40,1091,9788.96604
11.20057,46,1092,9795.98668
11.21289,51,1093,9806.57351
11.22109,57,1094,9813.61993
11.23312,63,1095,9823.95755
11.24159,68,1096,9831.23599
11.25382,74,1097,9841.74547
11.26209,79,1098,9848.85205
11.27432,85,1099,9859.36153
11.28232,91,1100,9866.23609
11.29459,91,1101,9876.77995
11.30298,91,1102,9883.98964
11.31522,91,1103,9894.50772
11.32338,91,1104,9901.51977
11.33569,91,1105,9912.098
11.34392,91,1106,9919.17021
11.35618,91,1107,9929.70547
11.3643,87,1108,9936.68315
11.37673,81,1109,9947.36449
11.38453,76,1110,9954.06719
11.39713,70,1111,9964.89462
11.40516,64,1112,9971.79496
11.41754,58,1113,9982.43334
11.42574,53,1114,9989.47977
11.43814,47,1115,10000.13534
11.44624,41,1116,10007.09583
11.45859,35,1117,10017.70843
11.46632,30,1118,10024.35097
11.47904,24,1119,10035.28152
11.48745,18,1120,10042.5084
11.4996,12,1121,10052.94914
11.50766,6,1122,10059.87526
11.51985,1,1123,10070.35037
11.52825,0,1124,10077.56866
11.54045,4,1125,10088.05236
11.54873,9,1126,10095.16753
11.56103,14,1127,10105.73717
11.57333,20,1128,10116.30681
11.58137,25,1129,10123.21574
11.59385,31,1130,10133.94005
11.60199,36,1131,10140.93492
11.61429,42,1132,10151.50455
11.6225,48,1133,10158.55957
11.6347,53,1134,10169.04327
11.64294,59,1135,10176.12407
11.65527,64,1136,10186.71949
11.66336,70,1137,10193.67139
11.67572,76,1138,10204.29258
11.68307,81,1139,10210.60858
11.69587,87,1140,10221.60788
11.70388,91,1141,10228.49103
11.7163,91,1142,10239.16379
11.72483,91,1143,10246.49379
11.73714,91,1144,10257.07202
11.74529,91,1145,10264.07547
11.75773,91,1146,10274.76541
11.76618,91,1147,10282.02667
11.77802,91,1148,10292.20102
11.7864,86,1149,10299.40212
11.7986,81,1150,10309.88582
11.80672,75,1151,10316.8635
11.81866,70,1152,10327.12378
11.8274,64,1153,10334.63424
11.83958,58,1154,10345.10076
11.84774,52,1155,10352.11281
11.85968,47,1156,10362.37309
11.86821,41,1157,10369.70309
11.88048,35,1158,10380.24694
11.88826,30,1159,10386.93245
11.901,24,1160,10397.88019
11.90918,18,1161,10404.90943
11.92117,12,1162,10415.21268
11.92963,6,1163,10422.48252
11.94179,1,1164,10432.93185
11.95013,0,1165,10440.09858
11.962,1,1166,10450.29871
11.97058,6,1167,10457.67168
11.98285,12,1168,10468.21553
11.9907,18,1169,10474.96119
12.00324,23,1170,10485.73707
12.01127,29,1171,10492.63741
12.02377,34,1172,10503.37891
12.03203,40,1173,10510.47689
12.04432,46,1174,10521.03793
12.05245,51,1175,10528.0242
12.06482,56,1176,10538.65399
12.07296,62,1177,10545.64886
12.08533,68,1178,10556.27865
12.09307,73,1179,10562.92978
12.1059,79,1180,10573.95486
12.11399,85,1181,10580.90676
12.12626,90,1182,10591.45061
12.13429,91,1183,10598.35095
12.14671,91,1184,10609.02371
12.15506,91,1185,10616.19903
12.16718,91,1186,10626.61399
12.17939,91,1187,10637.10629
12.1874,91,1188,10643.98944
12.2,91,1189,10654.81687
12.20842,87,1190,10662.05235
12.22049,81,1191,10672.42434
12.22866,76,1192,10679.44498
12.24067,70,1193,10689.76542
12.24915,64,1194,10697.05245
12.26139,59,1195,10707.57053
12.26958,53,1196,10714.60836
12.28194,47,1197,10725.22955
12.28982,41,1198,10732.00099
12.30218,36,1199,10742.62219
12.31057,30,1200,10749.83188
12.32237,24,1201,10759.97186
12.331,18,1202,10767.38779
12.34339,12,1203,10778.03477
12.35147,7,1204,10784.97807
12.36378,1,1205,10795.5563
12.37173,0,1206,10802.38789
12.38376,2,1207,10812.72551
12.39241,8,1208,10820.15863
12.40478,13,1209,10830.78842
12.41289,19,1210,10837.75751
12.42497,24,1211,10848.13809
12.43335,30,1212,10855.33919
12.44572,35,1213,10865.96898
12.45393,41,1214,10873.024
12.46618,47,1215,10883.55067
12.47417,52,1216,10890.41664
12.4866,58,1217,10901.09798
12.49492,63,1218,10908.24753
12.50742,69,1219,10918.98903
12.51535,75,1220,10925.80343
12.52692,80,1221,10935.74577
12.5349,86,1222,10942.60314
12.54812,91,1223,10953.96335
12.55633,91,1224,10961.01837
12.56821,91,1225,10971.22709
12.57695,91,1226,10978.73754
12.5891,91,1227,10989.17828
12.59725,91,1228,10996.18174
12.60936,91,1229,11006.58811
12.61777,91,1230,11013.81499
12.63002,87,1231,11024.34166
12.6382,81,1232,11031.37089
12.65045,76,1233,11041.89756
12.65869,70,1234,11048.97836
12.67103,64,1235,11059.58237
12.67942,59,1236,11066.79207
12.69149,53,1237,11077.16406
12.69886,47,1238,11083.49725
12.71083,41,1239,11093.78331
12.7198,35,1240,11101.49141
12.73242,30,1241,11112.33603
12.74058,24,1242,11119.34808
12.75222,18,1243,11129.35056
12.76061,12,1244,11136.56026
12.77338,7,1245,11147.53377
12.7816,1,1246,11154.59738
12.79384,0,1247,11165.11546
12.80192,5,1248,11172.05877
12.81424,9,1249,11182.64559
12.82165,14,1250,11189.01315
12.83481,20,1251,11200.3218
12.84712,26,1252,11210.90003
12.85538,31,1253,11217.99801
12.86753,37,1254,11228.43875
12.87539,42,1255,11235.19301
12.88807,48,1256,11246.08918
12.89647,54,1257,11253.30747
12.90859,59,1258,11263.72243
12.91675,65,1259,11270.73448
12.92849,70,1260,11280.8229
12.93683,76,1261,11287.98963
12.94948,81,1262,11298.86002
12.95765,87,1263,11305.88067
12.96932,91,1264,11315.90893
12.97802,91,1265,11323.38502
12.99052,91,1266,11334.12652
12.9983,91,1267,11340.81203
13.01093,91,1268,11351.66524
13.01893,91,1269,11358.5398
13.03143,91,1270,11369.2813
13.03955,91,1271,11376.25898
13.05189,86,1272,11386.86299
13.06,80,1273,11393.83207
13.07243,75,1274,11404.51342
13.08061,69,1275,11411.54266
13.09286,63,1276,11422.06933
13.1005,57,1277,11428.63453
13.11336,51,1278,11439.68539
13.12152,46,1279,11446.69744
13.13375,40,1280,11457.20692
13.14181,34,1281,11464.13304
13.15433,28,1282,11474.89173
13.16273,23,1283,11482.11001
13.17477,17,1284,11492.45623
13.18293,11,1285,11499.46828
13.19479,5,1286,11509.65981
13.20253,0,1287,11516.31095
13.21579,0,1288,11527.70553
13.22387,5,1289,11534.64884
13.23619,11,1290,11545.23566
13.24363,16,1291,11551.629
13.25662,22,1292,11562.79157
13.26489,27,1293,11569.89815
13.27712,33,1294,11580.40763
13.28507,38,1295,11587.23922
13.29759,44,1296,11597.99791
13.30578,49,1297,11605.03574
13.3181,55,1298,11615.62256
13.32612,61,1299,11622.51431
13.33858,66,1300,11633.22144
13.3468,72,1301,11640.28505
13.35906,77,1302,11650.82031
13.36725,83,1303,11657.85814
13.37938,89,1304,11668.28169
13.38697,90,1305,11674.80393
13.40006,91,1306,11686.05243
13.40824,91,1307,11693.08167
13.42029,91,1308,11703.43647
13.43272,91,1309,11714.11782
13.44112,91,1310,11721.33611
13.45333,91,1311,11731.82841
13.46138,91,1312,11738.74593
13.47341,85,1313,11749.08355
13.48213,80,1314,11756.57682
13.49428,74,1315,11767.01756
13.50244,68,1316,11774.02961
13.51443,62,1317,11784.33286
13.52293,57,1318,11791.63708
13.53519,51,1319,11802.17234
13.54341,45,1320,11809.23595
13.55569,39,1321,11819.7884
13.56387,34,1322,11826.81764
13.57617,28,1323,11837.38728
13.58431,22,1324,11844.38214
13.59664,16,1325,11854.97756
13.60477,11,1326,11861.96383
13.61674,5,1327,11872.24989
13.62497,0,1328,11879.32209
13.63759,1,1329,11890.16671
13.64579,5,1330,11897.21313
13.65811,10,1331,11907.79996
13.66651,16,1332,11915.01824
13.67869,21,1333,11925.48476
13.68676,27,1334,11932.41947
13.69822,32,1335,11942.26728
13.70734,38,1336,11950.10428
13.71831,43,1337,11959.53102
13.72729,49,1338,11967.24771
13.74001,55,1339,11978.17826
13.747,60,1340,11984.18491
13.7605,66,1341,11995.78573
13.76826,71,1342,12002.45405
13.78116,77,1343,12013.53928
13.78887,83,1344,12020.16464
13.80138,88,1345,12030.91473
13.80961,90,1346,12037.98694
13.82184,91,1347,12048.49642
13.83008,91,1348,12055.57722
13.84243,91,1349,12066.18982
13.85063,91,1350,12073.23624
13.86274,91,1351,12083.64261
13.87104,91,1352,12090.77496
13.88335,91,1353,12101.35319
13.89156,85,1354,12108.40821
13.90341,79,1355,12118.59115
13.91215,73,1356,12126.10161
13.92432,68,1357,12136.55953
13.93252,62,1358,12143.60596
13.94472,56,1359,12154.08966
13.953,50,1360,12161.20483
13.9654,45,1361,12171.8604
13.97344,39,1362,12178.76933
13.98571,33,1363,12189.31319
13.99335,27,1364,12195.87839
14.00557,22,1365,12206.37928
14.01844,16,1366,12217.43873
14.0266,10,1367,12224.45078
14.03485,4,1368,12231.54017
14.04715,0,1369,12242.10981
14.05513,1,1370,12248.96718
14.06767,5,1371,12259.74306
14.07998,11,1372,12270.32128
14.08815,17,1373,12277.34193
14.10037,23,1374,12287.84282
14.10837,28,1375,12294.71738
14.12095,34,1376,12305.52762
14.12912,39,1377,12312.54827
14.14138,45,1378,12323.08353
14.14932,50,1379,12329.90653
14.16186,56,1380,12340.68241
14.17027,62,1381,12347.90929
14.18239,67,1382,12358.32425
14.19054,73,1383,12365.3277
14.20283,78,1384,12375.88875
14.21124,84,1385,12383.11563
14.22322,90,1386,12393.41028
14.2315,91,1387,12400.52545
14.24375,91,1388,12411.05212
14.25185,91,1389,12418.01261
14.26431,91,1390,12428.71974
14.27242,91,1391,12435.68883
14.28474,91,1392,12446.27565
14.29265,91,1393,12453.07287
14.30514,90,1394,12463.80578
14.31338,84,1395,12470.88657
14.32565,78,1396,12481.43043
14.33383,73,1397,12488.45967
14.34616,67,1398,12499.05508
14.35407,61,1399,12505.8523
14.36662,55,1400,12516.63677
14.37487,50,1401,12523.72616
14.38707,44,1402,12534.20986
14.39522,38,1403,12541.21332
14.40728,32,1404,12551.57672
14.41576,27,1405,12558.86375
14.42798,21,1406,12569.36464
14.43631,15,1407,12576.52278
14.44859,9,1408,12587.07523
14.45677,4,1409,12594.10447
14.46906,1,1410,12604.66551
14.47745,0,1411,12611.8752
14.48945,5,1412,12622.18704
14.49774,11,1413,12629.31081
14.50997,16,1414,12639.82029
14.51805,22,1415,12646.7636
14.53037,27,1416,12657.35042
14.5386,33,1417,12664.42262
14.55085,38,1418,12674.94929
14.55823,44,1419,12681.29107
14.57144,49,1420,12692.64269
14.57969,55,1421,12699.73208
14.5919,61,1422,12710.22438
14.59987,66,1423,12717.07316
14.6122,72,1424,12727.66857
14.62026,77,1425,12734.59469
14.63248,83,1426,12745.09558
14.64109,89,1427,12752.49433
14.65337,90,1428,12763.04678
14.66485,91,1429,12772.91177
14.67352,91,1430,12780.36208
14.68616,91,1431,12791.22388
14.69441,91,1432,12798.31327
14.70655,91,1433,12808.74542
14.71413,91,1434,12815.25906
14.72607,90,1435,12825.51934
14.73505,84,1436,12833.23604
14.7476,78,1437,12844.0205
14.75579,72,1438,12851.05833
14.76804,66,1439,12861.585
14.77596,61,1440,12868.39082
14.7885,55,1441,12879.16669
14.79671,49,1442,12886.22171
14.80896,43,1443,12896.74838
14.81665,38,1444,12903.35655
14.82927,32,1445,12914.20117
14.83703,26,1446,12920.86949
14.84989,20,1447,12931.92035
14.85814,15,1448,12939.00974
14.87039,9,1449,12949.53641
14.87856,3,1450,12956.55705
14.89063,1,1451,12966.92904
14.89902,0,1452,12974.13874
14.91137,5,1453,12984.75134
14.91956,11,1454,12991.78917
14.93179,17,1455,13002.29865
14.93996,22,1456,13009.3193
14.95237,28,1457,13019.98346
14.96048,33,1458,13026.95254
14.97279,39,1459,13037.53077
14.98079,44,1460,13044.40533
14.99323,50,1461,13055.09527
15.00153,55,1462,13062.22763
15.01379,61,1463,13072.76289
15.02124,67,1464,13079.16483
15.03408,72,1465,13090.1985
15.04251,78,1466,13097.44256
15.054,84,1467,13107.31615
15.06263,89,1468,13114.73208
15.07519,91,1469,13125.52514
15.08323,91,1470,13132.43407
15.09595,91,1471,13143.36462
15.10377,91,1472,13150.08451
15.11611,91,1473,13160.68852
15.12435,91,1474,13167.76931
15.13663,91,1475,13178.32176
15.14484,90,1476,13185.37678
15.15721,84,1477,13196.00657
15.16527,78,1478,13202.93269
15.17755,72,1479,13213.48514
15.18581,67,1480,13220.58312
15.19779,61,1481,13230.87777
15.2063,55,1482,13238.19059
15.21848,49,1483,13248.6571
15.22678,44,1484,13255.78946
15.23903,38,1485,13266.31613
15.24725,32,1486,13273.37974
15.25928,26,1487,13283.71736
15.27146,20,1488,13294.18388
15.27979,15,1489,13301.34201
15.287,9,1490,13307.53771
15.30047,3,1491,13319.11275
15.30871,1,1492,13326.19355
15.32068,0,1493,13336.47961
15.32908,5,1494,13343.6979
15.34141,11,1495,13354.29331
15.35357,16,1496,13364.74264
15.36191,22,1497,13371.90937
15.37425,27,1498,13382.51338
15.38236,33,1499,13389.48247
15.39462,38,1500,13400.01773
15.40248,44,1501,13406.77198
15.41529,49,1502,13417.77987
15.42335,55,1503,13424.70599
15.43533,61,1504,13435.00065
15.44378,66,1505,13442.2619
15.45579,72,1506,13452.58233
15.46438,77,1507,13459.96389
15.47655,83,1508,13470.42182
15.48484,89,1509,13477.54558
15.4971,90,1510,13488.08084
15.50521,91,1511,13495.04993
15.51717,91,1512,13505.3274
15.52559,91,1513,13512.56287
15.53798,91,1514,13523.20984
15.54622,91,1515,13530.29064
15.55787,91,1516,13540.30172
15.56584,87,1517,13547.1505
15.57899,81,1518,13558.45056
15.58714,76,1519,13565.45402
15.59879,70,1520,13575.46509
15.60765,64,1521,13583.07867
15.61999,59,1522,13593.68268
15.62815,53,1523,13600.69473
15.64045,47,1524,13611.26436
15.64885,41,1525,13618.48265
15.66085,35,1526,13628.79449
15.66905,30,1527,13635.84092
15.68136,24,1528,13646.41915
15.68956,18,1529,13653.46557
15.70187,12,1530,13664.0438
15.70933,7,1531,13670.45433
15.72136,1,1532,13680.79195
15.72934,0,1533,13687.64932
15.74233,3,1534,13698.81189
15.75106,9,1535,13706.31375
15.76345,14,1536,13716.96072
15.77157,19,1537,13723.9384
15.7838,25,1538,13734.44789
15.7917,30,1539,13741.23651
15.80394,36,1540,13751.75459
15.81251,41,1541,13759.11896
15.82468,47,1542,13769.57689
15.83294,53,1543,13776.67487
15.84526,58,1544,13787.26169
15.8533,64,1545,13794.17063
15.8656,70,1546,13804.74026
15.87385,75,1547,13811.82965
15.88613,81,1548,13822.3821
15.89429,86,1549,13829.39415
15.90659,91,1550,13839.96379
15.91482,91,1551,13847.03599
15.92712,91,1552,13857.60563
15.93937,91,1553,13868.1323
15.94755,91,1554,13875.16154
15.95983,91,1555,13885.71399
15.96823,91,1556,13892.93227
15.98038,91,1557,13903.37301
15.98855,86,1558,13910.39366
16.00079,81,1559,13920.91173
16.00888,75,1560,13927.86363
16.02128,69,1561,13938.5192
16.02947,63,1562,13945.55703
16.04178,58,1563,13956.13526
16.04995,52,1564,13963.1559
16.06239,46,1565,13973.84585
16.07048,40,1566,13980.79774
16.08267,35,1567,13991.27286
16.09061,29,1568,13998.09586
16.10296,23,1569,14008.70846
16.11115,17,1570,14015.74629
16.12373,12,1571,14026.55653
16.13081,6,1572,14032.64052
16.14427,0,1573,14044.20697
16.15159,0,1574,14050.49719
16.16458,4,1575,14061.65976
16.17289,9,1576,14068.80071
16.18498,14,1577,14079.18988
16.19329,20,1578,14086.33083
16.20564,26,1579,14096.94344
16.21353,31,1580,14103.72347
16.22615,37,1581,14114.56809
16.23413,42,1582,14121.42546
16.24662,48,1583,14132.15837
16.25477,53,1584,14139.16183
16.26702,59,1585,14149.6885
16.27447,64,1586,14156.09043
16.28717,70,1587,14167.0038
16.29583,76,1588,14174.44551
16.30805,81,1589,14184.9464
16.31623,87,1590,14191.97563
16.32857,91,1591,14202.57964
16.33671,91,1592,14209.57451
16.34859,91,1593,14219.78323
16.35719,91,1594,14227.17338
16.36939,91,1595,14237.65709
16.37762,91,1596,14244.72929
16.38994,91,1597,14255.31611
16.39797,91,1598,14262.21645
16.41013,85,1599,14272.66578
16.41879,79,1600,14280.10749
16.4309,73,1601,14290.51386
16.43906,67,1602,14297.52591
16.45082,62,1603,14307.63151
16.45955,56,1604,14315.13338
16.47182,50,1605,14325.67723
16.47999,45,1606,14332.69788
16.4923,39,1607,14343.27611
16.50051,33,1608,14350.33112
16.51277,27,1609,14360.86639
16.52081,21,1610,14367.77532
16.53362,16,1611,14378.78321
16.54552,10,1612,14389.00912
16.55356,4,1613,14395.91805
16.56197,0,1614,14403.14493
16.57421,1,1615,14413.66301
16.58224,5,1616,14420.56335
16.5947,11,1617,14431.27047
16.607,17,1618,14441.84011
16.61514,22,1619,14448.83498
16.62747,28,1620,14459.43039
16.63566,33,1621,14466.46822
16.64719,39,1622,14476.37618
16.65613,45,1623,14484.0585
16.6684,50,1624,14494.60236
16.67665,56,1625,14501.69175
16.68899,61,1626,14512.29576
16.69714,67,1627,14519.29922
16.70914,72,1628,14529.61106
16.71762,78,1629,14536.89809
16.72988,84,1630,14547.43335
16.73816,89,1631,14554.54852
16.75013,91,1632,14564.83458
16.75856,91,1633,14572.07865
16.7706,91,1634,14582.42486
16.77914,91,1635,14589.76346
16.79137,91,1636,14600.27294
16.79959,91,1637,14607.33655
16.81187,91,1638,14617.889
16.81976,89,1639,14624.66903
16.83186,83,1640,14635.06681
16.84053,77,1641,14642.51711
16.85277,71,1642,14653.03519
16.86095,66,1643,14660.06442
16.8733,60,1644,14670.67703
16.88117,54,1645,14677.43988
16.89372,48,1646,14688.22434
16.90188,43,1647,14695.23639
16.91354,37,1648,14705.25606
16.92248,31,1649,14712.93838
16.93474,26,1650,14723.47365
16.94281,20,1651,14730.40836
16.95515,14,1652,14741.01237
16.96325,8,1653,14747.97286
16.97556,2,1654,14758.55109
16.98381,1,1655,14765.64048
16.99618,1,1656,14776.27027
17.00435,6,1657,14783.29091
17.01661,12,1658,14793.82618
17.02457,18,1659,14800.66636
17.0371,23,1660,14811.43364
17.04547,29,1661,14818.62615
17.05761,34,1662,14829.0583
17.06577,40,1663,14836.07035
17.0777,46,1664,14846.32203
17.0862,51,1665,14853.62625
17.09851,56,1666,14864.20448
17.10669,62,1667,14871.23372
17.11904,68,1668,14881.84632
17.12719,73,1669,14888.84978
17.139,79,1670,14898.99835
17.14766,85,1671,14906.44006
17.15993,90,1672,14916.98392
17.16814,91,1673,14924.03894
17.18046,91,1674,14934.62576
17.19264,91,1675,14945.09228
17.20091,91,1676,14952.19885
17.21309,91,1677,14962.66537
17.2215,91,1678,14969.89225
17.23373,91,1679,14980.40173
17.24189,87,1680,14987.41379
17.25355,81,1681,14997.43346
17.26233,76,1682,15004.97829
17.27463,70,1683,15015.54792
17.28282,65,1684,15022.58575
17.29515,59,1685,15033.18117
17.30335,53,1686,15040.22759
17.31559,47,1687,15050.74567
17.324,42,1688,15057.97255
17.33611,36,1689,15068.37892
17.34428,30,1690,15075.39956
17.35612,24,1691,15085.57391
17.36478,19,1692,15093.01562
17.37701,13,1693,15103.5251
17.38528,7,1694,15110.63168
17.39745,1,1695,15121.0896
17.40568,0,1696,15128.16181
17.41792,4,1697,15138.67989
17.42613,9,1698,15145.7349
17.43847,14,1699,15156.33891
17.44687,20,1700,15163.5572
17.45803,25,1701,15173.14721
17.46711,31,1702,15180.94984
17.47908,36,1703,15191.2359
17.48745,42,1704,15198.4284
17.50003,48,1705,15209.23865
17.50806,53,1706,15216.13899
17.52036,59,1707,15226.70863
17.52853,64,1708,15233.72927
17.54075,70,1709,15244.23016
17.54914,76,1710,15251.43986
17.56135,81,1711,15261.93215
17.56906,87,1712,15268.55751
17.58183,91,1713,15279.53103
17.59022,91,1714,15286.74072
17.60231,91,1715,15297.1299
17.61052,91,1716,15304.18492
17.62277,91,1717,15314.71159
17.63082,91,1718,15321.62911
17.64323,91,1719,15332.29327
17.65146,91,1720,15339.36548
17.66376,86,1721,15349.93511
17.6715,81,1722,15356.58625
17.6843,75,1723,15367.58555
17.69242,70,1724,15374.56323
17.70472,64,1725,15385.13286
17.71287,58,1726,15392.13632
17.72516,52,1727,15402.69736
17.73322,47,1728,15409.62348
17.74537,41,1729,15420.06422
17.75337,35,1730,15426.93878
17.76615,30,1731,15437.92089
17.77477,24,1732,15445.32823
17.78665,18,1733,15455.53695
17.79894,12,1734,15466.09799
17.80708,6,1735,15473.09286
17.81527,1,1736,15480.13069
17.82753,0,1737,15490.66595
17.83597,3,1738,15497.91861
17.8481,8,1739,15508.34216
17.86032,14,1740,15518.84305
17.86784,19,1741,15525.30514
17.88083,25,1742,15536.46771
17.88923,30,1743,15543.68599
17.90064,36,1744,15553.49084
17.90948,41,1745,15561.08722
17.92132,47,1746,15571.26157
17.92994,53,1747,15578.66891
17.9422,58,1748,15589.20417
17.95035,64,1749,15596.20763
17.96265,69,1750,15606.77727
17.97094,75,1751,15613.90103
17.98323,80,1752,15624.46207
17.99095,86,1753,15631.09602
18.00362,91,1754,15641.98361
18.01134,91,1755,15648.61756
18.02415,91,1756,15659.62545
18.03235,91,1757,15666.67187
18.0446,91,1758,15677.19854
18.05299,91,1759,15684.40824
18.06508,91,1760,15694.79742
18.07302,91,1761,15701.62042
18.08579,85,1762,15712.59393
18.0938,80,1763,15719.47709
18.10599,74,1764,15729.9522
18.11397,68,1765,15736.80957
18.12646,62,1766,15747.54248
18.1347,57,1767,15754.62327
18.14703,51,1768,15765.21869
18.1552,46,1769,15772.23933
18.16721,40,1770,15782.55977
18.17589,34,1771,15790.01867
18.18799,28,1772,15800.41644
18.19613,22,1773,15807.4113
18.20833,17,1774,15817.89501
18.21673,11,1775,15825.11329
18.22891,5,1776,15835.57981
18.23712,0,1777,15842.63483
18.24937,1,1778,15853.1615
18.25753,5,1779,15860.17355
18.26991,10,1780,15870.81193
18.27759,15,1781,15877.41151
18.2904,21,1782,15888.4194
18.29856,27,1783,15895.43145
18.31062,32,1784,15905.79485
18.31908,38,1785,15913.0647
18.3314,43,1786,15923.65152
18.33974,49,1787,15930.81825
18.35184,55,1788,15941.21602
18.35968,60,1789,15947.95309
18.37227,66,1790,15958.77193
18.38067,71,1791,15965.99022
18.39277,77,1792,15976.38799
18.40087,82,1793,15983.34848
18.41335,88,1794,15994.07279
18.42144,90,1795,16001.02469
18.43362,91,1796,16011.49121
18.44594,91,1797,16022.07803
18.45421,91,1798,16029.18461
18.46649,91,1799,16039.73706
18.47467,91,1800,16046.7663
18.48687,91,1801,16057.25
18.49527,90,1802,16064.46829
18.50748,84,1803,16074.96058
18.51562,78,1804,16081.95545
18.52771,73,1805,16092.34463
18.53615,67,1806,16099.59729
18.54834,61,1807,16110.0724
18.55666,55,1808,16117.22194
18.56892,49,1809,16127.75721
18.57608,44,1810,16133.90994
18.58904,38,1811,16145.04672
18.59704,32,1812,16151.92128
18.60979,26,1813,16162.87761
18.61832,21,1814,16170.20761
18.63039,15,1815,16180.57961
18.63789,9,1816,16187.02451
18.65085,3,1817,16198.16129
18.65925,1,1818,16205.37958
18.67107,0,1819,16215.53674
18.67951,5,1820,16222.7894
18.69149,10,1821,16233.08406
18.70001,16,1822,16240.40546
18.71224,21,1823,16250.91495
18.72014,27,1824,16257.70358
18.73264,32,1825,16268.44508
18.74077,38,1826,16275.43135
18.75276,44,1827,16285.73459
18.76074,49,1828,16292.59197
18.77365,55,1829,16303.68579
18.78166,60,1830,16310.56894
18.7939,66,1831,16321.08702
18.8017,71,1832,16327.78971
18.81414,77,1833,16338.47966
18.82295,83,1834,16346.05026
18.83519,88,1835,16356.56834
18.84332,90,1836,16363.55461
18.85538,91,1837,16373.91801
18.86379,91,1838,16381.14489
18.87569,91,1839,16391.3708
18.88426,91,1840,16398.73517
18.89652,91,1841,16409.27044
18.90458,91,1842,16416.19656
18.91697,89,1843,16426.84353
18.92523,82,1844,16433.94151
18.93743,77,1845,16444.42522
18.94566,71,1846,16451.49742
18.95784,65,1847,16461.96394
18.96628,60,1848,16469.2166
18.97855,54,1849,16479.76046
18.98663,48,1850,16486.70376
18.99857,42,1851,16496.96404
19.00711,37,1852,16504.30264
19.01939,31,1853,16514.85509
19.02768,25,1854,16521.97885
19.03996,19,1855,16532.5313
19.05218,13,1856,16543.03219
19.06006,8,1857,16549.80363
19.06855,2,1858,16557.09926
19.08084,1,1859,16567.6603
19.08904,2,1860,16574.70672
19.1014,8,1861,16585.32792
19.11365,13,1862,16595.85459
19.12184,19,1863,16602.89242
19.13395,24,1864,16613.29878
19.1424,30,1865,16620.56004
19.15465,35,1866,16631.08671
19.16238,41,1867,16637.72925
19.17531,46,1868,16648.84026
19.18327,52,1869,16655.68045
19.19559,57,1870,16666.26727
19.20376,63,1871,16673.28791
19.21586,69,1872,16683.68569
19.22425,74,1873,16690.89538
19.23644,80,1874,16701.37049
19.24477,85,1875,16708.52863
19.25705,91,1876,16719.08108
19.26481,91,1877,16725.7494
19.27749,91,1878,16736.64558
19.28566,91,1879,16743.66622
19.29791,91,1880,16754.19289
19.30614,91,1881,16761.2651
19.31848,91,1882,16771.8691
19.32686,91,1883,16779.07021
19.33891,86,1884,16789.42501
19.34665,80,1885,16796.07615
19.35931,75,1886,16806.95514
19.36757,69,1887,16814.05312
